"acc","country","species","K1","K2","K3","K4","K5"
"AA_193373_","GBR","lorem",0.0978679118630789,0.0204517438466056,0.0618035207686668,0.451076554800855,0.368800268720793
"AA_163594_","NLD","lorem",0.0195526999386101,0.246260045321812,0.218308502181034,0.432927334165595,0.0829514183929482
"AA_35629_","FRA","ipsum",0.0314223263358437,0.086297990790546,0.302623032304293,0.226023222387456,0.353633428181861
"AA_151602_","ESP","dolor",0.09297770077841,0.25859001198852,0.155109416501911,0.228932802303797,0.264390068427362
"AA_69129_","ESP","lorem",0.075570433646243,0.0790486744610747,0.173221183982238,0.0472166396564722,0.624943068253972
"AA_115370_","GBR","lorem",0.0474751258223133,0.102470208564318,0.157801586622348,0.322847904014624,0.369405174976397
"AA_42647_","ITA","lorem",0.0630972724148099,0.158058181373542,0.157563889023792,0.399087587794693,0.222193069393163
"AA_108092_","FRA","dolor",0.0423754436072021,0.0654734334063863,0.182691454006351,0.328389335486828,0.381070333493233
"AA_102067_","ESP","dolor",0.0799336848755051,0.052612360782311,0.199032367720367,0.58788000666609,0.0805415799557267
"AA_67208_","ESP","dolor",0.209763334130323,0.488034164189589,0.056195700402784,0.119980630119452,0.126026171157853
"AA_135099_","DEU","ipsum",0.0455927488674947,0.163411823751473,0.201174491864078,0.301797634092204,0.288023301424751
"AA_103623_","FRA","lorem",0.0760653071677687,0.18417280671772,0.200126153713578,0.110000949893195,0.429634782507739
"AA_15152_","FRA","ipsum",0.0333231324936149,0.119318180504358,0.133904425507839,0.390267971563439,0.32318628993075
"AA_15392_","ESP","dolor",0.0350933619723602,0.232012105440381,0.241955719244239,0.32179503681198,0.16914377653104
"AA_142332_","ITA","lorem",0.0694583907788171,0.103508342044553,0.140340402234586,0.232769831653281,0.453923033288763
"AA_4979_","GBR","lorem",0.165688186241498,0.0261876826586459,0.0892932547602845,0.0883619237271201,0.630468952612451
"AA_190053_","ESP","lorem",0.0550292976300223,0.117431382791354,0.155736680994993,0.370766109793442,0.301036528790189
"AA_53730_","FRA","ipsum",0.0487850702231475,0.216654759812677,0.361594831458938,0.221863384605387,0.15110195389985
"AA_131445_","DEU","dolor",0.0756649697780927,0.0307736399910037,0.0805752050420768,0.491451105258585,0.321535079930242
"AA_105149_","ITA","ipsum",0.0209054549088611,0.263682710826982,0.0991568112011971,0.51931699330151,0.0969380297614502
"AA_107977_","FRA","lorem",0.153778257183573,0.374573678588873,0.105567346396556,0.0379119244894293,0.328168793341569
"AA_16513_","ESP","lorem",0.0206638242128997,0.0213484054309289,0.222282399329556,0.341865053855055,0.393840317171561
"AA_157705_","GBR","lorem",0.0841506865869596,0.184160897172372,0.102289545153315,0.275147841440084,0.354251029647269
"AA_65226_","ESP","ipsum",0.00387306425877687,0.046486178437567,0.310889133805982,0.178756537478507,0.459995086019167
"AA_131890_","FRA","lorem",0.096451979859873,0.0754817475596836,0.0471847283505912,0.383917310691204,0.396964233538648
"AA_67124_","FRA","ipsum",0.00185220736122681,0.227180835205102,0.274859808986421,0.44967716773077,0.0464299807164795
"AA_178589_","DEU","lorem",0.0812855803874584,0.105401362079656,0.143993305351311,0.331486210090504,0.33783354209107
"AA_50784_","DEU","lorem",0.0815942218747156,0.0483819051088011,0.246202617519171,0.20033273227957,0.423488523217742
"AA_84063_","FRA","lorem",0.0655731674433888,0.139827499754952,0.362205534656165,0.313872820458771,0.118520977686723
"AA_67228_","ESP","lorem",0.074760857930321,0.119270783382259,0.297032997520942,0.365635203641941,0.143300157524537
"AA_79665_","GBR","dolor",0.201248503481535,0.317630903025793,0.221832899241925,0.187889703795765,0.071397990454982
"AA_52087_","GBR","lorem",0.0336862907086619,0.234186069668082,0.0539437926549841,0.149516384181527,0.528667462786745
"AA_89843_","GBR","dolor",0.0556940250823149,0.12788138151427,0.135761058615856,0.346488722664033,0.334174812123526
"AA_75331_","ESP","lorem",0.0278476081559256,0.233202354662546,0.000319592409084208,0.428913663108629,0.309716781663815
"AA_178673_","DEU","ipsum",0.00165809420272395,0.0739895155438439,0.294787145750938,0.282885133821611,0.346680110680883
"AA_141404_","ESP","lorem",0.0805727093289773,0.181421387179988,0.13799863678077,0.280612799796747,0.319394466913518
"AA_100819_","FRA","lorem",0.0128281729059506,0.179377359135982,0.0970635654409729,0.396508818775122,0.314222083741972
"AA_41731_","ESP","ipsum",0.0444700490558299,0.00505180001316912,0.350913892179206,0.0394452654311247,0.56011899332067
"AA_162518_","ESP","lorem",0.0781440820751621,0.148827223939237,0.267888307709025,0.263423781013558,0.241716605263018
"AA_28624_","ESP","lorem",0.0470772915108727,0.129978620133195,0.153857633096678,0.193528862590272,0.475557592668983
"AA_58621_","ESP","dolor",0.0573103560942838,0.0736419777586701,0.10304275896702,0.179830034491087,0.586174872688939
"AA_99803_","GBR","dolor",0.0743926834481463,0.112802879658027,0.192105559059166,0.0415775855376754,0.579121292296986
"AA_37146_","NLD","ipsum",0.123614447116879,0.164620177531125,0.0816939104423343,0.372716723919285,0.257354740990376
"AA_134518_","NLD","lorem",0.112827631087833,0.1667433703211,0.0412282829961805,0.042730123207859,0.636470592387028
"AA_16092_","FRA","ipsum",0.0525735021467971,0.0250108899777746,0.418936035564531,0.175159618526048,0.328319953784849
"AA_124963_","FRA","lorem",0.0778703250972282,0.0212553124970859,0.345891866518663,0.286114751785311,0.268867744101711
"AA_160901_","ESP","ipsum",0.069285602200974,0.297313103816869,0.436547071914858,0.0298960636775795,0.16695815838972
"AA_178870_","GBR","lorem",0.110136995983288,0.0773179814219162,0.321086985572066,0.233662655065184,0.257795381957545
"AA_193375_","DEU","lorem",0.0709887307715821,0.147514205304583,0.180407075771496,0.530241041948242,0.0708489462040979
"AA_105934_","ESP","dolor",0.0581541410400917,0.218738674688736,0.234615063325463,0.153769107069194,0.334723013876516
"AA_22745_","ESP","lorem",0.0852945369156729,0.061873409169732,0.372667311536934,0.146589317922588,0.333575424455073
"AA_134338_","GBR","ipsum",0.0637793766259581,0.0433391096207975,0.311014073791263,0.0360655907759818,0.545801849186
"AA_12904_","DEU","lorem",0.0382942112815196,0.221743518313564,0.313720693794977,0.218007069879954,0.208234506729985
"AA_112959_","GBR","lorem",0.0548802938333643,0.158968629468684,0.243765752440949,0.181761177878126,0.360624146378876
"AA_88781_","NLD","ipsum",0.0128191945611044,0.217266350159367,0.238520111837704,0.345316085956066,0.186078257485759
"AA_113931_","GBR","ipsum",0.06400755163732,0.178252126707622,0.424396367838763,0.0278681018241606,0.305475851992134
"AA_116207_","FRA","lorem",0.047059421301893,0.170540075851103,0.183177433845813,0.319331057452333,0.279892011548859
"AA_187217_","FRA","lorem",0.0849944379172483,0.0418594192708406,0.258991358063357,0.33406609645277,0.280088688295784
"AA_6844_","ESP","ipsum",0.0325995535526224,0.117092808194825,0.163243255866079,0.626799471580801,0.0602649108056724
"AA_49614_","NLD","dolor",0.101922438091095,0.065603286831332,0.0782085184800144,0.333589650857026,0.420676105740533
"AA_185763_","ESP","ipsum",0.095066012895088,0.147860418417994,0.383219010642312,0.0688585975283324,0.304995960516273
"AA_187653_","GBR","dolor",0.106626136525581,0.249399344603004,0.418402340104602,0.0682380222867606,0.157334156480053
"AA_57000_","ESP","lorem",0.00710898575609506,0.189237439206688,0.233087261139117,0.257050314624731,0.313515999273369
"AA_19832_","DEU","lorem",0.0814218702320312,0.238622727272109,0.308607149769901,0.27400203838547,0.0973462143404893
"AA_24489_","NLD","lorem",0.00373976734454629,0.0639758096914798,0.326796105814579,0.182594317511792,0.422893999637603
"AA_104615_","FRA","ipsum",0.0723031335700713,0.0762541149714649,0.223855361479503,0.263457837438978,0.364129552539982
"AA_100755_","DEU","ipsum",0.109425723635276,0.125775926260358,0.0329312301900863,0.50201445508237,0.22985266483191
"AA_68163_","NLD","dolor",0.0740503285772094,0.0892949850284605,0.0310499819470174,0.302554538637263,0.50305016581005
"AA_134581_","DEU","lorem",0.0475071554919867,0.198988138551318,0.0839809545106034,0.214422392861052,0.45510135858504
"AA_108686_","NLD","ipsum",0.0303906971836954,0.136296929042818,0.225698498371632,0.428591555755122,0.179022319646733
"AA_59877_","DEU","lorem",0.0587574365428632,0.311850490655428,0.077545174065721,0.0645343053437307,0.487312593392257
"AA_14066_","ESP","ipsum",0.0114395476845979,0.139316784347622,0.10868440495988,0.17861699192345,0.561942271084451
"AA_12006_","DEU","ipsum",0.0202714259966638,0.101224910548485,0.127603863192784,0.344859259474762,0.406040540787305
"AA_152025_","ESP","dolor",0.103012838048539,0.0910023124580445,0.304186983771149,0.0288922369211197,0.472905628801149
"AA_93197_","ESP","lorem",0.0759970853232116,0.203074557878142,0.0645405218772447,0.40537393921037,0.251013895711032
"AA_61235_","FRA","ipsum",0.110756518106563,0.00266110745282296,0.439088944134753,0.166241807068847,0.281251623237013
"AA_134249_","ESP","ipsum",0.0666161730719959,0.0165287350071816,0.0587353788150695,0.228995591788588,0.629124121317165
"AA_180395_","ESP","dolor",0.0567194185779435,0.143941462307429,0.0067099302131657,0.317280129620201,0.47534905928126
"AA_172581_","DEU","ipsum",0.0846547423017932,0.0695736445503985,0.163846991082439,0.33262186028993,0.34930276177544
"AA_29491_","DEU","lorem",0.00389324838769473,0.0367628829619376,0.0951558214630425,0.39231645021045,0.471871596976875
"AA_124025_","ESP","ipsum",0.00900037510058735,0.137859384642308,0.269772552252817,0.384836290151233,0.198531397853054
"AA_82134_","ESP","ipsum",0.110301061657996,0.0326805908643152,0.172740820050844,0.260082384622524,0.424195142804321
"AA_113350_","GBR","ipsum",0.15615409853259,0.145724784676685,0.571063082358374,0.0623257678718839,0.0647322665604676
"AA_7435_","DEU","lorem",0.0390706192130346,0.307916133419284,0.396677665667111,0.2560644011055,0.000271180595071256
"AA_29604_","FRA","ipsum",0.054035287815467,0.0394502031426899,0.456768462726968,0.401270215387878,0.0484758309269973
"AA_175542_","ESP","lorem",0.107579522578117,0.119069363468656,0.173792777846834,0.343182929864492,0.256375406241901
"AA_143057_","DEU","lorem",0.0621072748940055,0.179900909353597,0.255385179557016,0.0805335122258255,0.422073123969556
"AA_129157_","ESP","dolor",0.0615248193727679,0.0867210658659632,0.137550871681723,0.363203587753424,0.350999655326122
"AA_105100_","ESP","dolor",0.108628291129902,0.109510543443037,0.240237983574749,0.163003218153186,0.378619963699125
"AA_175439_","FRA","ipsum",0.0208919787526521,0.133992478692249,0.388083288467792,0.033020691319981,0.424011562767326
"AA_131015_","ESP","ipsum",0.0358108356697826,0.0680623342835037,0.237356121214824,0.314376712101724,0.344393996730166
"AA_128838_","ESP","lorem",0.038525722619754,0.0521471661628795,0.375424891918523,0.506314948210038,0.0275872710888054
"AA_102966_","FRA","ipsum",0.0845660658777717,0.022132963497185,0.300999775088689,0.335021926164417,0.257279269371938
"AA_84019_","DEU","dolor",0.0743847474550678,0.0770613083045891,0.178077940533186,0.0773955158534455,0.593080487853712
"AA_137085_","ITA","ipsum",0.0161399962059686,0.21340427091546,0.0905282059630392,0.630165886915635,0.0497616399998969
"AA_86941_","FRA","lorem",0.101961947031122,0.193024247800699,0.0885024059105985,0.437310612729436,0.179200786528145
"AA_134926_","ESP","lorem",0.0207295205297745,0.170932416510918,0.0610322569793878,0.631065551233232,0.116240254746688
"AA_93730_","DEU","lorem",0.0817191708369954,0.230345630514468,0.0833289738763688,0.10210291384917,0.502503310922997
"AA_107805_","GBR","dolor",0.0489585823907653,0.125268369367306,0.247758740734903,0.233200349064796,0.344813958442229
"AA_98223_","DEU","lorem",0.0307509606280276,0.171296456165727,0.209839636305688,0.207582086763968,0.380530860136589
"BB_63900_","FRA","ipsum",0.109906708195777,0.182410317712617,0.205117951415934,0.168836955687967,0.333728066987705
"BB_58666_","FRA","dolor",0.0269628936583731,0.047582698442045,0.40493788782551,0.168296481175861,0.352220038898211
"BB_191016_","ESP","dolor",0.0896200596893274,0.210580374184535,0.0896360690495815,0.0546671168583619,0.555496380218194
"BB_77602_","NLD","dolor",0.135983258708714,0.213419338430138,0.0343504452492892,0.487298894449392,0.128948063162467
"BB_175133_","ESP","ipsum",0.0765703336031718,0.0963399551453957,0.352902170909078,0.205443507442686,0.268744032899669
"BB_158104_","FRA","dolor",0.0868711166494156,0.148720551921038,0.187495882318028,0.125469520799847,0.451442928311672
"BB_94360_","DEU","dolor",0.02686944032628,0.11202096957101,0.122895170133475,0.0499227441841729,0.688291675785061
"BB_17110_","NLD","dolor",0.0412030391713601,0.0816055540069369,0.210947854676207,0.438153057519624,0.228090494625872
"BB_24529_","GBR","lorem",0.160139534775789,0.204593870328201,0.28246147234449,0.0227583900998383,0.330046732451681
"BB_180354_","DEU","ipsum",0.124148030543527,0.0938733615050573,0.00150616093995716,0.0914846564753326,0.688987790536126
"BB_87921_","GBR","dolor",0.0353754740035128,0.102848400926428,0.263633153158451,0.385222271070007,0.212920700841602
"BB_48760_","ESP","dolor",0.0740557800428309,0.206840844768932,0.184919045550342,0.407559822956486,0.126624506681409
"BB_153592_","DEU","lorem",0.142271178582296,0.502679814768054,0.122596146473857,0.0477737183351103,0.184679141840683
"BB_128633_","ESP","dolor",0.123233316820209,0.0194408112686708,0.291423362140788,0.287886322783939,0.278016186986393
"BB_164599_","DEU","dolor",0.0708404232840667,0.29036955589169,0.00395451049638485,0.182164464585771,0.452671045742088
"BB_194540_","NLD","dolor",0.227906233645887,0.20786885855642,0.234334433256886,0.301359821514371,0.0285306530264364
"BB_94999_","DEU","ipsum",0.0370551072108813,0.0539341586015775,0.00176331592434019,0.415210911293963,0.492036506969238
"BB_163891_","NLD","dolor",0.115117646487861,0.215304693717686,0.0776733092090095,0.204125628483077,0.387778722102366
"BB_51529_","GBR","dolor",0.046087198707185,0.223065480430741,0.246023666630156,0.344897688152937,0.139925966078982
"BB_161088_","ESP","lorem",0.101966358004566,0.156052200160041,0.372947622122324,0.177247948423421,0.191785871289648
"BB_82222_","NLD","ipsum",0.00692016223779912,0.0967884208672514,0.0695565366588241,0.356330407676275,0.470404472559851
"BB_4854_","ITA","lorem",0.0322898478006756,0.105578852139703,0.153709172998157,0.272011301387805,0.436410825673659
"BB_125621_","GBR","ipsum",0.0336987752667325,0.028512962078134,0.298569683728702,0.150227125623851,0.488991453302581
"BB_193791_","FRA","dolor",0.0619085661408646,0.137079222568966,0.171738561589608,0.266745014412669,0.362528635287892
"BB_191815_","DEU","dolor",0.0264963405096621,0.136214034053801,0.207730059991787,0.135606607528378,0.493952957916372
"BB_162866_","NLD","dolor",0.0595442066172688,0.166204573899912,0.268838538839855,0.140953533526597,0.364459147116368
"BB_51242_","GBR","lorem",0.0159349366826788,0.0621706905154948,0.262384017721451,0.395253783756943,0.264256571323433
"BB_87541_","ESP","lorem",0.101689817338256,0.110167753653678,0.246654511176942,0.265820646292378,0.275667271538746
"BB_156683_","ESP","dolor",0.0628715976724054,0.127252641731871,0.187785951904695,0.321998363150213,0.300091445540816
"BB_158675_","GBR","dolor",0.0461911836727074,0.156077228500402,0.250041730787224,0.0364833937874947,0.511206463252171
"BB_50464_","DEU","lorem",0.011726599242551,0.00621388838677883,0.0972136556853758,0.476792104598703,0.408053752086591
"BB_140795_","ESP","dolor",0.0788841857830878,0.19224411209567,0.0406871338565929,0.0766303226328517,0.611554245631797
"BB_60073_","ESP","ipsum",0.0728298855739662,0.16411443948427,0.0356889290534019,0.283637762950454,0.443728982937908
"BB_150061_","ESP","dolor",0.0974928983993904,0.00639922484315978,0.263086344356677,0.0991184227329218,0.533903109667851
"BB_35663_","ITA","ipsum",0.0928870450279188,0.0103711406729919,0.325113874132065,0.0673202979810706,0.504307642185953
"BB_6892_","DEU","dolor",0.0808516871628574,0.225618974603544,0.108490471338975,0.351828859533725,0.233210007360899
"BB_93943_","FRA","dolor",0.116274252949455,0.0215780201036185,0.161252145389806,0.0374684305371033,0.663427151020018
"BB_36161_","DEU","lorem",0.0897587424368602,0.0921911324202238,0.336431515743442,0.0918588583011451,0.389759751098329
"BB_154907_","NLD","lorem",0.0570560780856651,0.123720303490253,0.219398717722361,0.0937879995834335,0.506036901118288
"BB_153451_","FRA","lorem",0.0636780026628715,0.0853444445960852,0.154869609049294,0.442921123289163,0.253186820402586
"BB_55644_","NLD","lorem",0.0721205938836193,0.055585928501781,0.26109485632146,0.176446875332027,0.434751745961113
"BB_111113_","DEU","ipsum",0.0859343168530969,0.227226796443816,0.273676004473972,0.286908838128817,0.126254044100299
"BB_68515_","ESP","ipsum",0.016880465579969,0.167119277041638,0.243538756084173,0.155062820164817,0.417398681129403
"BB_199180_","ESP","lorem",0.118009756926649,0.12004686747322,0.0911258566926186,0.432493445299459,0.238324073608053
"BB_63285_","GBR","lorem",0.0918902628102288,0.036697762351546,0.361394842239197,0.186800043765526,0.323217088833502
"BB_95478_","GBR","lorem",0.00860671529838563,0.0288085291904436,0.173980849376859,0.142078906928785,0.646524999205527
"BB_95433_","DEU","lorem",0.0271539757133895,0.234272647759241,0.0528286246291958,0.384173269340336,0.301571482557838
"BB_60330_","ESP","ipsum",0.0211350474258235,0.1047413037779,0.198242181888823,0.125312742216699,0.550568724690755
"BB_72950_","NLD","ipsum",0.0499641087974801,0.183842737252377,0.368136905454796,0.129134314413658,0.268921934081689
"BB_71461_","DEU","dolor",0.0150346075179221,0.113861758018457,0.251346430672053,0.224771994818135,0.394985208973434
"BB_104375_","ITA","dolor",0.0661757044534562,0.412778281284439,0.268140203624098,0.131005007936739,0.121900802701268
"BB_6166_","FRA","lorem",0.0338920175868943,0.117610267316464,0.218875458241945,0.425372904337849,0.204249352516847
"BB_15664_","FRA","ipsum",0.044045079578665,0.00732247975868278,0.148055029478729,0.373234157727773,0.427343253456151
"BB_15740_","ESP","ipsum",0.067131919715204,0.216034318615111,0.27854193390745,0.33137964847988,0.106912179282355
"BB_151579_","FRA","dolor",0.0391403212127531,0.256903458896601,0.0441440822112786,0.0576011560090401,0.602210981670327
"BB_152836_","ITA","ipsum",0.0472265008829184,0.053387067311716,0.214779402425967,0.337400312047968,0.347206717331431
"BB_26596_","GBR","lorem",0.0774959145700601,0.0202859017661427,0.179753308454841,0.2286123803524,0.493852494856556
"BB_188733_","FRA","ipsum",0.106281993392871,0.120355195809093,0.20874813021378,0.153157708428848,0.411456972155408
"BB_87739_","DEU","dolor",0.067571475698933,0.124192335056799,0.126108192046074,0.25364474137014,0.428483255828054
"BB_63952_","FRA","lorem",0.0261000623370585,0.237214216786003,0.0457416103517026,0.0831871612636319,0.607756949261604
"BB_136697_","ESP","ipsum",0.0206693188374052,0.183084752022443,0.0898649551746513,0.305409878791256,0.400971095174245
"BB_75438_","DEU","ipsum",0.184844541457256,0.181999919027072,0.483069478122404,0.0237831155079147,0.126302945885354
"BB_147681_","ESP","lorem",0.00541412325333511,0.338939677349241,0.373696489297708,0.274097854620426,0.00785185547928955
"BB_142689_","GBR","lorem",0.0175150858759333,0.133431431291728,0.217192224169526,0.266572676075042,0.365288582587771
"BB_135151_","ITA","ipsum",0.0168273118471232,0.19531716942623,0.320116190080799,0.319000604879221,0.148738723766628
"BB_136111_","FRA","dolor",0.0857748527316021,0.0442133576869639,0.221025932374079,0.569411892212643,0.0795739649947125
"BB_17799_","FRA","lorem",0.134467501167248,0.107343603305592,0.325902131804391,0.054572734493386,0.377714029229384
"BB_116493_","DEU","dolor",0.0494028345522904,0.222469983798363,0.473172250238277,0.247704407347084,0.00725052406398529
"BB_92728_","ESP","lorem",0.087561092170202,0.222308071081867,0.373132510157498,0.0900807663562728,0.226917560234159
"BB_78188_","ESP","dolor",0.0739867705356334,0.0556616504927654,0.451250489394787,0.349064941803473,0.0700361477733415
"BB_140183_","ESP","lorem",0.0485004309427684,0.177994553319878,0.0826489516050267,0.375039784800085,0.315816279332242
"BB_187612_","ESP","dolor",0.156835502187325,0.108412311074693,0.377817412271441,0.21818068912945,0.138754085337091
"BB_131331_","FRA","ipsum",0.0728930924450372,0.230636860257624,0.167683420426852,0.0699753312872419,0.458811295583245
"BB_79164_","ESP","lorem",0.181583487799445,0.156636416610072,0.0146480278445064,0.494996312727502,0.152135755018475
"BB_90893_","NLD","ipsum",0.0208844003869775,0.19754562428752,0.136105630530354,0.449635101397059,0.195829243398089
"BB_125149_","ESP","dolor",0.0106531307882743,0.135263281849234,0.145807020121999,0.0396338116918121,0.668642755548681
"BB_74117_","GBR","lorem",0.0203830799819772,0.00810007234827722,0.278216353484796,0.317655050198062,0.375645443986888
"BB_140153_","NLD","dolor",0.140407608417279,0.199309602160696,0.0918251825959382,0.285599959340416,0.282857647485671
"BB_187383_","DEU","ipsum",0.0755840552762187,0.178289572893992,0.358400462407269,0.207385385708577,0.180340523713944
"BB_15365_","DEU","ipsum",0.0466613912014217,0.150573741107947,0.216669601324345,0.331502918605512,0.254592347760774
"BB_68030_","FRA","ipsum",0.0365870693931048,0.218302352576924,0.265136939962282,0.108696366751872,0.371277271315817
"BB_70801_","ESP","ipsum",0.0443985926096636,0.154960027813108,0.255428620030013,0.176743220552923,0.368469538994292
"BB_32753_","DEU","ipsum",0.0777533934528328,0.198291220142505,0.219044560587357,0.102218493787219,0.402692332030086
"BB_12040_","ESP","lorem",0.0850433854360832,0.142958930670995,0.160886302885762,0.393329018896818,0.217782362110341
"BB_172196_","ESP","lorem",0.110586010345684,0.328562589255428,0.444871096827482,0.114180314482446,0.00179998908895895
"BB_161203_","ESP","lorem",0.040384035967493,0.133363581065441,0.207187307401674,0.0347565538146505,0.584308521750741
"BB_100384_","FRA","dolor",0.0622951609427646,0.136401912018438,0.240621910836152,0.372820908815597,0.187860107387049
"BB_147328_","GBR","dolor",0.0296817844160264,0.11881267086975,0.210471208116792,0.134024805689888,0.507009530907544
"BB_125963_","FRA","dolor",0.115751253951049,0.240427204827406,0.207524893465769,0.263557174989775,0.172739472766002
"BB_30894_","DEU","ipsum",0.0204379678913398,0.0949342157616855,0.131010751289525,0.301739824982159,0.451877240075291
"BB_50596_","GBR","ipsum",0.00214309759969248,0.0309271250846234,0.249224675314395,0.335268964589804,0.382436137411485
"BB_30269_","NLD","ipsum",0.113535378815637,0.388825071898917,0.0519926610369393,0.252913040748258,0.192733847500248
"BB_79129_","GBR","dolor",0.0794405103278735,0.0417834244608544,0.193208831875936,0.283279139701895,0.402288093633441
"BB_53731_","ITA","dolor",0.0313894813937082,0.135983984312071,0.240704938489657,0.302731613078434,0.289189982726129
"BB_166473_","DEU","ipsum",0.0648779167251774,0.34040739393236,0.122844769589313,0.264229938825229,0.20763998092792
"BB_143573_","ITA","lorem",0.042802928896138,0.0936286484143489,0.293742374177829,0.308428024058668,0.261398024453016
"BB_47336_","GBR","ipsum",0.0124903874010916,0.251237581827402,0.0912734105701466,0.561930161135864,0.0830684590654959
"BB_196036_","FRA","ipsum",0.100211108450859,0.208255883515435,0.291257305610659,0.00586520904394144,0.394410493379105
"BB_99944_","NLD","ipsum",0.0010451646751904,0.171756245338624,0.0322719044650666,0.497421015739795,0.297505669781324
"BB_47285_","DEU","lorem",0.0853226261192177,0.0781077225480092,0.213525746484762,0.185917691889304,0.437126212958707
"BB_75074_","FRA","lorem",0.0181731580703542,0.0137904195221077,0.269183495218297,0.23194631408279,0.466906613106451
"BB_47758_","GBR","ipsum",0.0384427228928265,0.0918807243152043,0.176847223075879,0.360388802847854,0.332440526868237
"BB_191658_","DEU","lorem",0.0512462742130069,0.0454044741367609,0.198217118700085,0.434307887072378,0.270824245877769
"BB_1808_","DEU","ipsum",0.0673542870028897,0.0299383130079873,0.220798365620024,0.316661386337444,0.365247648031654
"BB_168158_","GBR","lorem",0.119854416740986,0.0466157947403076,0.348262336132534,0.466819770730679,0.018447681655493
"BB_33367_","ESP","ipsum",0.0498956470781749,0.0196154698376276,0.175059153873493,0.328550341892676,0.426879387318028
"BB_17530_","ESP","ipsum",0.0165960884270821,0.216327978017927,0.19708099540525,0.311829891633109,0.258165046516631
"BB_138194_","DEU","lorem",0.11053219336262,0.137939759194572,0.285840361727048,0.438734976590512,0.0269527091252473
"BB_147874_","FRA","dolor",0.058948012132432,0.117074379092555,0.136767101838685,0.257318588376153,0.429891918560176
"BB_12087_","FRA","dolor",0.128975947364496,0.147777443656142,0.0411335234624515,0.0889975089095658,0.593115576607344
"BB_179331_","NLD","dolor",0.0334757149286022,0.109197151023274,0.0164901685291648,0.228807597177429,0.61202936834153
"BB_198962_","ITA","lorem",0.0680249029622814,0.0567300101026839,0.16189976367316,0.148277981676184,0.565067341585691
"BB_96205_","FRA","dolor",0.115570495148683,0.111713733000789,0.35984147213865,0.0544075962266744,0.358466703485203
"BB_15853_","ESP","ipsum",0.0160073780679954,0.351116084820036,0.32769819189609,0.159930129259628,0.14524821595625
"BB_80115_","DEU","ipsum",0.0418056408719641,0.100759504321234,0.614033676233748,0.106313424167712,0.137087754405341
"BB_10141_","FRA","ipsum",0.125239534205856,0.0102672337188797,0.233742426994049,0.497471741518151,0.133279063563065
"BB_159108_","FRA","ipsum",0.100849749867318,0.0371579699269459,0.0179163045149064,0.283456290102307,0.560619685588523
"BB_16557_","NLD","dolor",0.0360038512187121,0.00407690458745486,0.161538357337449,0.492577764321871,0.305803122534513
"BB_27857_","ESP","dolor",0.0811523361914127,0.147883416338116,0.309799347519238,0.132996735792146,0.328168164159088
"BB_2458_","GBR","lorem",0.0893213422155374,0.0812324585334308,0.147240063255543,0.259840995645216,0.422365140350273
"BB_160860_","GBR","lorem",0.0802666817474981,0.0357866354404784,0.161635221406452,0.192184382713732,0.53012707869184
"BB_199169_","NLD","ipsum",0.0637954683266099,0.24610983730959,0.0695632115712246,0.0567306281888751,0.563800854603701
"BB_93685_","ESP","dolor",0.115893778236755,0.153268608570854,0.0338177101354972,0.40167045014031,0.295349452916584
"BB_16459_","DEU","dolor",0.0243013735734865,0.208361632145279,0.327846466549958,0.0230550707814393,0.416435456949837
"BB_105078_","DEU","lorem",0.0112864348334977,0.19257699891168,0.194108783109934,0.00910876666218943,0.592919016482699
"BB_68410_","GBR","ipsum",0.0866961868244585,0.143990732861168,0.334468208744412,0.00228122659489398,0.432563644975068
"BB_89013_","ESP","ipsum",0.00685065035923539,0.13850228208344,0.270994973997185,0.136084496475178,0.447567597084962
"BB_8361_","GBR","ipsum",0.0168120889056072,0.143506365322814,0.121232721908732,0.24296130001467,0.475487523848177
"BB_45657_","FRA","dolor",0.10529804184785,0.00349489444463509,0.243492002609253,0.353861865278013,0.293853195820249
"BB_74782_","ESP","lorem",0.0230068590061895,0.0406739231191791,0.247915073406647,0.298636892164112,0.389767252303872
"ABC_60008_","ESP","dolor",0.0280297736654668,0.115509269903629,0.23427162214218,0.197792033299567,0.424397300989157
"ABC_71259_","GBR","dolor",0.0493836503092663,0.147358467536097,0.119458696257362,0.309873246636086,0.373925939261189
"ABC_137123_","ITA","lorem",0.186726502692584,0.251770692003424,0.0782223560136415,0.30662119191159,0.176659257378761
"ABC_37166_","FRA","ipsum",0.282203324723867,0.0640904266758291,0.339259693969543,0.0700066239158088,0.244439930714952
"ABC_191169_","FRA","dolor",0.143596547819219,0.0822537179829005,0.224905601532111,0.488771431164887,0.0604727015008823
"ABC_117171_","FRA","lorem",0.0553857663059803,0.159096927646896,0.192713154996287,0.282100079163462,0.310704071887376
"ABC_48308_","FRA","dolor",0.0668786467604943,0.152461786898086,0.186774429866096,0.277064843633738,0.316820292841586
"ABC_64402_","GBR","ipsum",0.126253300616287,0.229970048067099,0.149624345548693,0.464398376396938,0.0297539293709827
"ABC_126349_","DEU","dolor",0.104459366726667,0.158355031512272,0.014062561232012,0.283254166863869,0.43986887366518
"ABC_139300_","GBR","ipsum",0.0804438991973551,0.0140763693650962,0.0718889758576878,0.513361907774955,0.320228847804905
"ABC_98696_","GBR","lorem",0.0570848181521129,0.091375683564817,0.202284206868073,0.221461950223698,0.427793341191299
"ABC_167547_","DEU","dolor",0.0468585966896717,0.605933876960608,0.146470701316802,0.168355999148487,0.0323808258844322
"ABC_102868_","DEU","ipsum",0.143699209330675,0.184729157292139,0.266923411471689,0.357478650331616,0.0471695715738807
"ABC_82105_","DEU","ipsum",0.0361746618893706,0.057746917135249,0.115995828250268,0.510934906140069,0.279147686585044
"ABC_5140_","GBR","ipsum",0.0765001678168164,0.146868419323705,0.223689749734191,0.30461130790752,0.248330355217767
"ABC_112757_","DEU","lorem",0.0623569831316898,0.11821608760193,0.106148410538247,0.319228467998132,0.394050050730001
"ABC_132516_","FRA","ipsum",0.153391512192377,0.025702918952669,0.0416209502779408,0.18965302981872,0.589631588758293
"ABC_113235_","ESP","ipsum",0.0337844452029373,0.101629854070753,0.326473891956096,0.0286401300852189,0.509471678684995
"ABC_121701_","NLD","ipsum",0.016697481493906,0.144650060974664,0.197728597379001,0.124073436268657,0.516850423883773
"ABC_68788_","FRA","ipsum",0.122115000595675,0.136927949841203,0.105919846022804,0.264737978412729,0.370299225127589
"ABC_41758_","FRA","ipsum",0.0672471850160959,0.146180630788063,0.200978674123914,0.277803425844664,0.307790084227263
"ABC_27037_","GBR","lorem",0.100006283614931,0.222768435683545,0.115339949408379,0.129078195654064,0.432807135639082
"ABC_61879_","GBR","dolor",0.00970575572526421,0.00670329558419231,0.647540081573949,0.26497386346452,0.0710770036520741
"ABC_179403_","GBR","lorem",0.0620416465581891,0.0695025377629085,0.227132023753999,0.222942366152971,0.418381425771933
"ABC_186427_","DEU","lorem",0.0530167580512514,0.197645377516372,0.0335510765418815,0.489008267408322,0.226778520482174
"ABC_109089_","GBR","ipsum",0.0945942270712752,0.216103727708435,0.0594265486506573,0.205767839705381,0.424107656864251
"ABC_163000_","NLD","dolor",0.153866520232705,0.066503361621135,0.132439103342166,0.0789633354305171,0.568227679373477
"ABC_196984_","ESP","dolor",0.0685941717916499,0.144217939706933,0.0623013960331046,0.347831768530099,0.377054723938214
"ABC_35763_","FRA","ipsum",0.086648187175287,0.131891673403824,0.27951006396191,0.282244841870932,0.219705233588048
"ABC_164079_","NLD","ipsum",0.115172517274549,0.224821987008721,0.334159067953645,0.0862160951324615,0.239630332630623
"ABC_130681_","FRA","ipsum",0.0492652992260526,0.16807670559476,0.228562311827959,0.11559767418246,0.438498009168768
"ABC_10069_","DEU","ipsum",0.141451113181143,0.207745254429928,0.314237182412511,0.277107050324348,0.0594593996520698
"ABC_123593_","DEU","dolor",0.0201953062525918,0.147377623986708,0.245310614262766,0.162714857400925,0.42440159809701
"ABC_178793_","GBR","ipsum",0.0589776195184631,0.274446426702219,0.166206521011428,0.153548233332762,0.346821199435128
"ABC_196588_","ESP","lorem",0.0149037667355838,0.459306315814852,0.140016974654579,0.0398507783371205,0.345922164457865
"ABC_180445_","GBR","lorem",0.170796219750464,0.0553812104032069,0.0712489797648343,0.530515132084494,0.172058457997001
"ABC_11659_","ESP","ipsum",0.0973893833697463,0.152904701970726,0.280805566427781,0.108108073282486,0.360792274949261
"ABC_172499_","ITA","lorem",0.0801041413536615,0.0815733084503864,0.431385335978314,0.208916209862017,0.198021004355621
"ABC_130404_","FRA","ipsum",0.101491433207363,0.0357473192046771,0.17410587962509,0.16825962501496,0.520395742947909
"ABC_89373_","FRA","lorem",0.0698716667260818,0.0974957084557591,0.138207920649663,0.464566771078983,0.229857933089513
"ABC_1290_","ESP","lorem",0.130524127332563,0.133848211618764,0.357438048697127,0.154786592484774,0.223403019866772
"ABC_3713_","DEU","lorem",0.107490331801745,0.0801189492495058,0.0736517859177714,0.340447241848232,0.398291691182746
"ABC_100298_","ESP","dolor",0.0597038053580886,0.140640436667579,0.198464258363778,0.257088823582949,0.344102676027605
"ABC_188264_","ESP","dolor",0.0212789511206391,0.173756378876354,0.16059895907937,0.35862831222213,0.285737398701507
"ABC_102878_","ESP","dolor",0.140522893646306,0.274746817605635,0.0496548909064622,0.445895403275218,0.0891799945663781
"ABC_180492_","GBR","lorem",0.162638491991625,0.210371733112428,0.0294231915665522,0.51588688614844,0.0816796971809561
"ABC_173797_","ESP","dolor",0.0676936488328777,0.197225456586678,0.153837002544123,0.137209872068529,0.444034019967791
"ABC_119368_","NLD","ipsum",0.0101064455263896,0.228611438109886,0.0300032004321258,0.426346098955661,0.304932816975938
"ABC_56801_","NLD","dolor",0.000569545119772175,0.0685283913202396,0.349633192772548,0.163261087871791,0.418007782915649
"ABC_182200_","ESP","dolor",0.0203912402841951,0.088083083521471,0.2139438093029,0.272919920378644,0.404661946512791
"ABC_91552_","GBR","dolor",0.0526897376771305,0.271034038135829,0.229086213525128,0.347883550507697,0.0993064601542145
"ABC_13178_","ITA","dolor",0.0274016060563114,0.0415645592249794,0.278296024136404,0.213068772743758,0.439669037838547
"ABC_157032_","GBR","dolor",0.042114100675957,0.0111429169632595,0.265272495189327,0.386801378259577,0.29466910891188
"ABC_32454_","FRA","ipsum",0.0337271711830004,0.139126276015783,0.15872222417795,0.440775032887827,0.227649295735439
"ABC_1_","FRA","dolor",0.038237622770542,0.0417586490747013,0.374513881753781,0.113421296455254,0.432068549945722
"ABC_20662_","ESP","lorem",0.0355732836293704,0.0488146226413976,0.279085234284195,0.324317647329031,0.312209212116006
"ABC_80277_","FRA","dolor",0.00537785360300205,0.0564224950377967,0.304367037501333,0.354465468870109,0.279367144987759
"ABC_126304_","ITA","lorem",0.0273451991509228,0.17971991616141,0.257339426144315,0.154497084269372,0.38109837427398
"ABC_115447_","NLD","dolor",0.117702995377135,0.156175703261223,0.0859147516293847,0.2153458565473,0.424860693184958
"ABC_160834_","GBR","dolor",0.125398211668234,0.0987943434076311,0.276881266350892,0.325577534819706,0.173348643753537
"ABC_12014_","ESP","lorem",0.12472454901178,0.154866650301893,0.0102934875919036,0.0863540976601594,0.623761215434264
"ABC_44955_","GBR","dolor",0.0960987592024387,0.079483965267612,0.172302187699308,0.52951379065884,0.122601297171802
"ABC_11351_","FRA","lorem",0.084314540362864,0.152619248417269,0.0181497669798821,0.366666884743679,0.378249559496306
"ABC_137761_","ESP","lorem",0.0801041878335297,0.0505301604063098,0.27250109789229,0.450798324891575,0.146066228976296
"ABC_197356_","NLD","lorem",0.0561318696016476,0.00301214947314304,0.267023175044472,0.393624692705328,0.28020811317541
"ABC_154893_","ESP","lorem",0.0912115709783712,0.177273256613861,0.206793302038315,0.257815600911795,0.266906269457658
"ABC_20545_","ESP","lorem",0.293731390627607,0.000175398572943388,0.0722598736817286,0.0234088771323034,0.610424459985418
"ABC_90779_","FRA","lorem",0.10596428901716,0.0746922956885377,0.137187495986748,0.246992496370208,0.435163422937346
"ABC_74209_","FRA","lorem",0.0307294514136786,0.22086040939574,0.135195488542103,0.402975995313726,0.210238655334752
"ABC_99237_","FRA","ipsum",0.000946910559897677,0.172714957303551,0.301032142420074,0.148551836583694,0.376754153132783
"ABC_199652_","NLD","ipsum",0.0281595041769757,0.0930224280192667,0.10607078261735,0.644806117526671,0.127941167659737
"ABC_15499_","GBR","lorem",0.000210687042388952,0.0266309743449358,0.283563492690597,0.347696969552167,0.34189787636991
"ABC_167905_","DEU","ipsum",0.097923317792829,0.2079700822469,0.168523893655972,0.450732508012586,0.074850198291712
"ABC_97289_","NLD","dolor",0.128669758551924,0.170479922403764,0.19272929925289,0.459713066851831,0.0484079529395908
"ABC_47886_","GBR","dolor",0.147440176677343,0.0400325728912219,0.204040893297856,0.0654999747670677,0.542986382366511
"ABC_152180_","FRA","lorem",0.148638895919788,0.230650264715472,0.058002109443668,0.0158035530926091,0.546905176828463
"ABC_100674_","GBR","ipsum",0.0490554042243473,0.0886111830158639,0.144488934561832,0.120294046024625,0.597550432173332
"ABC_47606_","ITA","ipsum",0.00593321758830203,0.160745022925181,0.314803010689515,0.142425348392937,0.376093400404066
"ABC_40286_","ESP","lorem",0.00353058315906522,0.126419992268764,0.0629439932264391,0.32207214092621,0.485033290419522
"ABC_145837_","NLD","dolor",0.161327171441672,0.3092196042244,0.175812444647463,0.00392017012185887,0.349720609564606
"ABC_160572_","ESP","ipsum",0.0448352714074745,0.206208052684022,0.334849811324837,0.258519197532658,0.155587667051008
"ABC_149608_","FRA","ipsum",0.0848084514848745,0.260908293056908,0.0772391586553351,0.147100120285766,0.429943976517116
"ABC_46597_","ESP","lorem",0.0537413942923651,0.114460871396287,0.347334528720654,0.27228938105262,0.212173824538073
"ABC_82960_","DEU","ipsum",0.0591386431738842,0.139683243936726,0.077244291925026,0.221759755098581,0.502174065865783
"ABC_142781_","ITA","dolor",0.124385929799372,0.191870550935424,0.0766281998353698,0.156228439615448,0.450886879814386
"ABC_18793_","GBR","dolor",0.105808891404192,0.149665303467807,0.152734032503575,0.22338369984133,0.368408072783096
"ABC_74182_","GBR","ipsum",0.103142231462617,0.183255350825231,0.0728777903469159,0.217627610210897,0.423097017154339
"ABC_80647_","FRA","lorem",0.0604601329474761,0.19732621449534,0.283788124086697,0.111109825094985,0.347315703375502
"ABC_29989_","ESP","ipsum",0.00941840996501333,0.148792367488228,0.185976804992984,0.232876792507553,0.422935625046222
"ABC_185568_","NLD","ipsum",0.173524385659856,0.413788834548579,0.301266886871406,0.0224353035806512,0.0889845893395075
"ABC_21301_","GBR","dolor",0.102633195993315,0.11371224394798,0.231462535197899,0.506303964415797,0.0458880604450092
"ABC_7928_","FRA","lorem",0.0172974755018472,0.0854033505407843,0.222539094301616,0.0344953926860133,0.640264686969739
"ABC_100319_","FRA","ipsum",0.074913279498511,0.0425252253545587,0.0601855511563521,0.238937396151085,0.583438547839493
"ABC_76493_","ESP","ipsum",0.080823405357531,0.191040936577111,0.1351549936851,0.0937672400198384,0.49921342436042
"ABC_193576_","DEU","dolor",0.19063412185112,0.0328903904824743,0.273241329981621,0.0328593554041214,0.470374802280663
"ABC_75076_","ITA","dolor",0.0868645892753673,0.0998763695769137,0.278551637337625,0.442984870706022,0.0917225331040727
"ABC_168567_","FRA","ipsum",0.0639392792956693,0.235888965766674,0.178315395830091,0.309386692823252,0.212469666284314
"ABC_135438_","ITA","ipsum",0.123582613139704,0.196686734778415,0.0723537036502057,0.215494204706779,0.391882743724895
"ABC_30178_","ESP","dolor",0.0306924427437983,0.130341760827933,0.00104432700441299,0.795675712378761,0.0422457570450943
"ABC_197574_","NLD","dolor",0.164638858568652,0.103340072454029,0.0603929650601498,0.474845914971725,0.196782188945444
"ABC_178446_","DEU","dolor",0.0532462681628749,0.149235366779319,0.0449324109325285,0.285631316141859,0.466954637983419
"ABC_37959_","GBR","lorem",0.103395257869794,0.159253530902295,0.255338451422407,0.19691356943396,0.285099190371544
"ABC_172343_","GBR","ipsum",0.120119118221584,0.358474113330986,0.0688693233652285,0.0624466607666034,0.390090784315598
"ABC_28647_","ESP","lorem",0.0333071006902334,0.15248968876689,0.303611937386732,0.232698303568849,0.277892969587296
"ABC_55662_","ESP","ipsum",0.025332910715301,0.106157856356497,0.187757990257207,0.304275292262824,0.376475950408171
"ABC_35844_","FRA","ipsum",0.0367509691210172,0.0596726089922199,0.222526361198912,0.21912264992139,0.461927410766461
"ABC_189012_","ITA","dolor",0.0274337968425028,0.113204404949755,0.156673580950518,0.341682395371461,0.361005821885763
"ABC_195188_","ESP","ipsum",0.0790046197812338,0.255706469628212,0.183072884651485,0.390248940961741,0.0919670849773279
"ABC_37738_","FRA","dolor",0.099138818569206,0.125462411750684,0.19183292322568,0.439341993286875,0.144223853167555
"ABC_121876_","DEU","dolor",0.0525382566673254,0.191673838802931,0.120479465747579,0.151915713720181,0.483392725061983
"ABC_143193_","GBR","ipsum",0.129187998892696,0.139090437964827,0.328864186606746,0.248059812084091,0.15479756445164
"ABC_51353_","ITA","ipsum",0.0965056023844595,0.0192250875583173,0.325151609742324,0.139597756095584,0.419519944219315
"ABC_5257_","ESP","lorem",0.012853796822819,0.0542185517942791,0.411794521857659,0.384609886368425,0.136523243156818
"ABC_127360_","NLD","dolor",0.154420400233063,0.0999777896252655,0.473952331702875,0.0645923539285944,0.207057124510202
"ABC_186603_","DEU","ipsum",0.0346885565400544,0.06549553253797,0.333179864767286,0.00749867719561846,0.559137368959071
"ABC_96164_","FRA","lorem",0.0821090665487147,0.153902792172122,0.0296094990663002,0.3052953848441,0.429083257368762
"ABC_44277_","ITA","dolor",0.120979623410398,0.0543466717779225,0.146981255373814,0.22881088521754,0.448881564220326
"ABC_64926_","ESP","dolor",0.0465109342082429,0.0196790458528055,0.134976538070095,0.160393402671573,0.638440079197284
"ABC_100497_","ITA","lorem",0.0974039662057174,0.219552864001148,0.0689969915806185,0.156074303376381,0.457971874836135
"ABC_152042_","ESP","lorem",0.0972452515936645,0.11630115013215,0.0664082762353378,0.336618218563291,0.383427103475557
"ABC_1573_","NLD","lorem",0.00785150355308912,0.35639706231986,0.208793638628272,0.192251212864721,0.234706582634059
"ABC_68686_","DEU","dolor",0.0352334858844207,0.247798217202942,0.160560196255668,0.337116860023245,0.219291240633724
"ABC_98683_","ESP","dolor",0.0863585710742988,0.10865628402775,0.249854278819607,0.215613199177609,0.339517666900735
"ABC_189190_","ITA","dolor",0.0083856386730705,0.0329193563728657,0.204695154953693,0.416574758748426,0.337425091251945
"ABC_195189_","ESP","lorem",0.0164418953203884,0.169184370093174,0.0709335175389013,0.418183685804728,0.325256531242808
"ABC_76192_","GBR","lorem",0.0690852261214775,0.0821986378461967,0.345652681880186,0.310784414671962,0.192279039480178
"ABC_112907_","DEU","dolor",0.0665705754103032,0.166659429813403,0.183351988089679,0.328532765546688,0.254885241139926
"ABC_94903_","ITA","dolor",0.0471785521517388,0.0357268521233608,0.193875592099178,0.565436334625461,0.157782669000261
"ABC_143760_","ESP","lorem",0.00960765412277744,0.131464222063945,0.101562729391529,0.0938354767624576,0.663529917659291
"ABC_173369_","GBR","ipsum",0.0484943876053881,0.00592378387398059,0.0142495234841916,0.391070477034774,0.540261828001665
"ABC_36555_","ESP","lorem",0.031874773737095,0.0427830622407429,0.225620636362018,0.249036433186892,0.450685094473253
"ABC_20866_","FRA","ipsum",0.0914788380850425,0.179557992159086,0.337377851166913,0.270285627439683,0.121299691149276
"ABC_41768_","FRA","dolor",0.0658604216122118,0.155508500185227,0.333795927486839,0.378009750452179,0.0668254002635428
"ABC_136689_","ESP","dolor",0.078566686751575,0.0837345918554017,0.134995750311096,0.347568674125841,0.355134296956086
"ABC_43852_","NLD","ipsum",0.128852387294882,0.352614941969441,0.189074831221728,0.181074993666753,0.148382845847195
"ABC_48130_","ESP","lorem",0.100460462382835,0.105845005207378,0.0386143964755959,0.437017368190534,0.318062767743657
"ABC_181053_","DEU","ipsum",0.0124173030664862,0.101199763611289,0.162877660359563,0.311438731451832,0.412066541510829
"ABC_100622_","GBR","ipsum",0.120628791090195,0.0620167003422561,0.240657486671672,0.126356736877033,0.450340285018843
"ABC_88006_","ESP","dolor",0.0460420258096803,0.0510881292218859,0.23158065294999,0.345076020066822,0.326213171951621
"ABC_1392_","ESP","ipsum",0.0288125895122192,0.158865154238336,0.0423064713966093,0.332157384716759,0.437858400136077
"ABC_186602_","GBR","lorem",0.0284938281610246,0.177603043670594,0.189949370966486,0.359375192939071,0.244578564262824
"ABC_112269_","DEU","lorem",0.0227218163737151,0.0547089165704818,0.0393210277640162,0.356861417735732,0.526386821556055
"ABC_124599_","ESP","lorem",0.0493144357592174,0.189323197135102,0.188474168882005,0.0703159888473427,0.502572209376334
"ABC_139826_","ESP","dolor",0.168538684511232,0.257078469367518,0.163235187070603,0.241190728971617,0.169956930079031
"ABC_110789_","GBR","dolor",0.0370773173313279,0.140630178067006,0.0117457967771213,0.248766079726329,0.561780628098215
"ABC_90364_","FRA","ipsum",0.108004390760722,0.087770544218735,0.136195130096448,0.161733508833576,0.506296426090519
"ABC_24821_","ITA","lorem",0.0987374576800123,0.16995393779122,0.0309011636730352,0.222135370177483,0.478272070678249
"ABC_75908_","ESP","lorem",0.0747781856055925,0.099755433996578,0.408857619056453,0.0135111732395801,0.403097588101797
"ABC_88837_","DEU","dolor",0.0357912044580619,0.165573736347871,0.0894673905482143,0.39874255177171,0.310425116874144
"ABC_99105_","ITA","dolor",0.0152893307832545,0.08396026446866,0.244074925422445,0.379733183236093,0.276942296089547
"ABC_40000_","FRA","ipsum",0.0327415292167687,0.0897856467854574,0.259723388193125,0.361898114274154,0.255851321530495
"ABC_79758_","ESP","lorem",0.0540550774302205,0.141117226483834,0.0362895275227416,0.296422654455524,0.47211551410768
"ABC_153037_","NLD","ipsum",0.0597405275420469,0.186975110390962,0.0651087666440346,0.290563592023256,0.3976120033997
"ABC_34877_","ITA","ipsum",0.0740765644779641,0.030967558854418,0.310440124802393,6.05894229049617e-05,0.58445516244232
"ABC_73280_","ESP","dolor",0.067679250512609,0.18268825873672,0.260335675151797,0.0554272933602934,0.433869522238581
"ABC_680_","ITA","ipsum",0.150667941679971,0.203647208484688,0.448484903337598,0.0555122310062336,0.141687715491511
"ABC_166933_","DEU","dolor",0.0794660970880059,0.163594226558151,0.281477252703632,0.359568188351323,0.115894235298888
"ABC_5218_","GBR","dolor",0.106918725857457,0.128674169961922,0.203651884774885,0.0530572926667544,0.507697926738982
"ABC_19830_","GBR","dolor",0.0766486017668272,0.099293361377293,0.200800454227533,0.383136441044384,0.240121141583962
"ABC_172021_","ITA","dolor",0.0265788019628655,0.156183916986867,0.23391878721426,0.179008084713306,0.404310409122702
"ABC_130004_","ESP","ipsum",0.0663281434850145,0.125842274660404,0.275855702432611,0.410791851589344,0.121182027832627
"ABC_183062_","FRA","lorem",0.00583955142253713,0.0109500581094128,0.323910489275858,0.313875035200229,0.345424865991963
"ABC_64363_","ITA","dolor",0.0378241655043264,0.19978322380844,0.100978732785225,0.453274070919106,0.208139806982902
"ABC_5460_","FRA","dolor",0.0649960242701871,0.182261902401842,0.172184656594699,0.1415883631136,0.438969053619672
"ABC_98387_","NLD","dolor",0.0253060223755607,0.117387467377687,0.258959632715913,0.0175810279497776,0.580765849581062
"ABC_61986_","GBR","ipsum",0.036957531316819,0.0258014001330418,0.0918275233653851,0.283978108670525,0.561435436514229
"ABC_194210_","ESP","dolor",0.0633589602286902,0.0233827510603585,0.384626481214951,0.466459529488394,0.0621722780076065
"ABC_18014_","ESP","dolor",0.0898096850790983,0.297287305063867,0.0464042609502536,0.3459314398731,0.220567309033681
"ABC_173913_","ESP","ipsum",0.12797977097873,0.0485619581965761,0.150892425691026,0.364889044145544,0.307676800988124
"ABC_158042_","ESP","dolor",0.0143960723311299,0.0704685679462454,0.0955002203863738,0.415024178308944,0.404610961027307
"ABC_29061_","ESP","dolor",0.00742385772804996,0.145884872228639,0.0260198119379829,0.435715313837701,0.384956144267628
"ABC_118597_","DEU","lorem",0.138198641041655,0.269813316537635,0.0146973326846136,0.422214616237229,0.155076093498867
"ABC_107693_","ESP","lorem",0.0769549869688341,0.0806152995805259,0.232627207235483,0.331509226526793,0.278293279688364
"ABC_16058_","GBR","dolor",0.0867898038011495,0.108853985001625,0.0205157726008819,0.404830327177709,0.379010111418635
"ABC_148566_","DEU","ipsum",0.0745894492630038,0.0638352746738678,0.18494129452995,0.294724158874934,0.381909822658244
"ABC_142331_","FRA","ipsum",0.0508177363239255,0.167958861280547,0.412568311935927,0.333346174262187,0.0353089161974136
"ABC_144150_","GBR","dolor",0.162810582506516,0.335160279624504,0.0626122776327327,0.416094936377709,0.0233219238585383
"ABC_1070_","FRA","dolor",0.0505904843938827,0.193197922804406,0.0665417592298908,0.243883532992815,0.445786300579006
"ABC_198511_","ESP","dolor",0.0196982691488527,0.0771908207875032,0.306758205895625,0.2687244200259,0.32762828414212
"ABC_108471_","GBR","dolor",0.0686863343760215,0.225760473418748,0.333069490850461,0.201173690605077,0.171310010749693
"ABC_135484_","NLD","lorem",0.0938550863656202,0.327029781440868,0.116595029521237,0.0246573980052998,0.437862704666975
"ABC_10666_","GBR","lorem",0.0813554277182269,0.201018184911332,0.309179186935459,0.159631242234547,0.248815958200435
"ABC_79466_","DEU","lorem",0.00686628736325211,0.107484954873755,0.0982765830962735,0.235185287970105,0.552186886696614
"ABC_194340_","FRA","ipsum",0.0751460605431268,0.166735448067049,0.291886706353982,0.13593253905278,0.330299245983062
"ABC_171169_","DEU","lorem",0.0125917948986377,0.15117844421289,0.15706081518488,0.261834556594553,0.417334389109039
"ABC_174153_","FRA","dolor",0.00994713825025402,0.193506488696047,0.214729787902007,0.232806396562074,0.349010188589617
"ABC_170750_","ESP","dolor",0.00725425161905177,0.151489515757254,0.286993882379401,0.0805625163450558,0.473699833899237
"ABC_26188_","ESP","ipsum",0.110660787757916,0.185780393975781,0.308359980567319,0.0714292633172257,0.323769574381758
"ABC_169460_","NLD","dolor",0.078010989030231,0.13087441602215,0.301824479389563,0.00531143225741244,0.483978683300643
"ABC_52970_","ESP","ipsum",0.098339620114985,0.0770254435728091,0.23692144334802,0.238564529015764,0.349148963948422
"ABC_173081_","ITA","ipsum",0.102334440323712,0.160041866630769,0.211745415012708,0.013108857149579,0.512769420883232
"ABC_131683_","ESP","lorem",0.0279428209774315,0.120054319528134,0.18171407922204,0.185633241622347,0.484655538650047
"ABC_109389_","ESP","lorem",0.215670561384685,0.0224056423015402,0.651570014546348,0.079943443765676,0.0304103380017513
"ABC_920_","FRA","dolor",0.0885866268828944,0.00295837409790824,0.0624470435181917,0.346707492524305,0.4993004629767
"ABC_33685_","FRA","ipsum",0.119347339898142,0.0171480935522756,0.106078640658793,0.358982076729183,0.398443849161606
"ABC_129343_","DEU","dolor",0.0618056428233319,0.00124372160713037,0.136769780217117,0.409053528344637,0.391127327007783
"ABC_19154_","FRA","dolor",0.122671567014084,0.276219817049451,0.0211305836442441,0.0154407718766136,0.564537260415608
"ABC_112734_","DEU","dolor",0.01448419833615,0.0381087921594973,0.180183461627508,0.355336923389738,0.411886624487107
"ABC_59586_","NLD","dolor",0.033411072783449,0.125662222399136,0.19509113868959,0.233234518120045,0.41260104800778
"ABC_52256_","ITA","ipsum",0.0629380297363867,0.0724648476925164,0.361837546789724,0.44043896755119,0.062320608230183
"DC_142404_","DEU","lorem",0.113042736235159,0.174883751256204,0.322332231451306,0.0308422027156496,0.358899078341682
"DC_164456_","ESP","ipsum",0.102520254494779,0.220006639969329,0.249214678215976,0.263139350081758,0.16511907723816
"DC_29884_","DEU","lorem",0.0630901623209403,0.105907480229491,0.0424248737023525,0.330372413492035,0.458205070255181
"DC_87494_","ESP","lorem",0.103118722667711,0.163106610551398,0.140848730363324,0.382535879392976,0.21039005702459
"DC_45370_","DEU","dolor",0.100648715530443,0.0983008740695891,0.0528465924594132,0.286616508402338,0.461587309538216
"DC_83468_","ESP","lorem",0.0126391857967962,0.110032731722089,0.0239265718070418,0.78067101235533,0.0727304983187435
"DC_34747_","NLD","ipsum",0.0751095055531602,0.0442183655964968,0.323699956017282,0.185551241007954,0.371420931825108
"DC_158679_","DEU","ipsum",0.0774282245032338,0.18447148184034,0.185209863895294,0.289132459809102,0.26375796995203
"DC_140267_","ITA","lorem",0.0827923895320078,0.123811504738334,0.0984532470928285,0.2455907214609,0.44935213717593
"DC_35450_","ESP","dolor",0.0398561297996958,0.0367495931162866,0.27647639667078,0.124959820425953,0.521958059987284
"EA_169771_","NLD","ipsum",0.469406242227807,0.120070820298926,0.244598341629074,0.163095282417264,0.00282931342692976
"EA_38822_","FRA","dolor",0.0703208784404395,0.162229374391729,0.227282037114554,0.304929646367517,0.235238063685761
"EA_176222_","GBR","ipsum",0.14490207763077,0.122253345337231,0.0545108865454345,0.572477123788115,0.105856566698449
"EA_41451_","GBR","lorem",0.0194738617389803,0.00882888806413715,0.0906379305012597,0.39148480889171,0.489574510803913
"EA_5066_","GBR","ipsum",0.0754680789559534,0.0189707879528518,0.0477118158134862,0.268025533968406,0.589823783309302
"EA_157203_","ESP","dolor",0.00746735135455927,0.10258622713696,0.209753727405631,0.291280771107041,0.388911922995808
"EA_126639_","ESP","dolor",0.0820710728108286,0.0659818858649944,0.318808500224436,0.426395014678172,0.106743526421568
"EA_127872_","ITA","lorem",0.0219395792382663,0.124020920408916,0.314002308086259,0.261594280885719,0.278442911380841
"EA_120153_","DEU","ipsum",0.0576750538273522,0.21793911276217,0.00933291939927139,0.448067177573622,0.266985736437585
"EA_129253_","ESP","dolor",0.140608881896059,0.172497453033968,0.072692009663847,0.537657923202798,0.0765437322033279
"EA_24957_","GBR","dolor",0.0686235821073935,0.174090897722821,0.217632736969548,0.321442820674644,0.218209962525593
"EA_31655_","GBR","lorem",0.0588366112347163,0.0321500109362484,0.00540177964851615,0.23828412537871,0.665327472801809
"EA_133436_","NLD","lorem",0.118211937715653,0.217848459713972,0.133655019423487,0.142492338110852,0.387792245036035
"EA_178840_","FRA","ipsum",0.0565194582055018,0.0860857806548552,0.0766433978992551,0.230548533647063,0.550202829593325
"EA_153886_","ESP","dolor",0.226222307587132,0.440625130532439,0.0743848408669172,0.115933318891796,0.142834402121715
"EA_181882_","FRA","ipsum",0.103958217594047,0.0161248828330838,0.138488109834499,0.381417561510094,0.360011228228277
"EA_16189_","NLD","lorem",0.115798189866618,0.22233265858129,0.338875653173163,0.0044138756435302,0.318579622735399
"EA_129814_","GBR","ipsum",0.00149180143050011,0.0123667271127758,0.16070811525478,0.230871635470452,0.594561720731492
"EA_94321_","FRA","dolor",0.0335135524964281,0.23401723120712,0.0455455709162168,0.167490725954825,0.51943291942541
"EA_20781_","ESP","dolor",0.0598541673275797,0.163008926309529,0.186816979376701,0.258684306370418,0.331635620615772
"EA_69412_","ESP","dolor",0.101783059672276,0.139297692353646,0.105545704286845,0.364218317431674,0.289155226255559
"EA_74906_","FRA","lorem",0.121809272643388,0.149888989693172,0.186167387036689,0.463518340588488,0.078616010038262
"EA_193717_","DEU","lorem",0.022763989542917,0.180894011539883,0.285424757549123,0.0632605811627693,0.447656660205307
"EA_1101_","ITA","ipsum",0.049004869981455,0.183242184984327,0.0871939251479978,0.382318866869763,0.298240153016457
"EA_56563_","ESP","ipsum",0.0648749644479537,0.192643500702422,0.254125037035856,0.24162933534839,0.246727162465379
"EA_6230_","DEU","dolor",0.0411261434759407,0.25897282999523,0.12300672775022,0.329062707077439,0.247831591701171
"EA_20275_","DEU","ipsum",0.0400855175194752,0.3114634094679,0.0500833060563552,0.546356493524288,0.0520112734319816
"EA_116843_","FRA","dolor",0.191849926135355,0.245473088517199,0.0699351142043616,0.282244740118029,0.210497131025054
"EA_11434_","FRA","ipsum",0.0748636002526788,0.00398872352567095,0.273400642832806,0.259121027588439,0.388626005800405
"EA_194028_","NLD","ipsum",0.0592720197636488,0.248858286042729,0.474482130707198,0.0873100094414741,0.130077554044951
"EA_36101_","ESP","lorem",0.103059504630373,0.191201010490245,0.223093049420784,0.416741053326176,0.0659053821324222
"EA_112623_","FRA","ipsum",0.0418100688483545,0.0445800484566432,0.288391862893135,0.249447469744388,0.37577055005748
"EA_27658_","FRA","dolor",0.00905865117135363,0.103649924723432,0.0881350313650847,0.264411522980393,0.534744869759736
"EA_15864_","FRA","ipsum",0.0625071795888808,0.211303260115437,0.224108255999558,0.152841870323451,0.349239433972672
"EA_25181_","GBR","ipsum",0.0947941932429423,0.200072363343777,0.255389043623792,0.159599966028398,0.290144433761091
"EA_3423_","NLD","ipsum",0.00685010056799033,0.0329797809882172,0.221581143704776,0.527162586037072,0.211426388701945
"EA_45791_","GBR","ipsum",0.0938291201380058,0.244429572065072,0.0309525898622887,0.510209251235674,0.120579466698959
"EA_183176_","FRA","ipsum",0.0624432417449767,0.18468754916904,0.112378090020255,0.468744676590762,0.171746442474966
"EA_87626_","NLD","lorem",0.0721566975116462,0.242169117926123,0.197111185355652,0.0297906293311391,0.45877236987544
"EA_53564_","ESP","dolor",0.0198363138907137,0.0320683438820608,0.244191502750237,0.363915536909031,0.339988302567958
"EA_155694_","DEU","dolor",0.100338615221658,0.140986358789739,0.163318839801847,0.40377842741187,0.191577758774887
"EA_131141_","ESP","dolor",0.0241155067968414,0.0179673943438997,0.0141535621995494,0.400444093304602,0.543319443355108
"EA_191117_","GBR","dolor",0.141444219707922,0.380509939850146,0.0778994350091003,0.332736362811007,0.0674100426218252
"EA_30463_","ITA","lorem",0.0413531110079579,0.00700300968075477,0.36297232591946,0.000764188346175025,0.587907365045653
"EA_36975_","ITA","ipsum",0.0748518975036629,0.170349372045639,0.390619783300014,0.350447822300195,0.0137311248504896
"EA_66872_","GBR","ipsum",0.16176964763786,0.0549843948384591,0.107490004624366,0.392603250073733,0.283152702825582
"EA_150435_","ESP","lorem",0.0102364069478141,0.314992895281612,0.0428729332541549,0.300829167611978,0.331068596904441
"EA_109082_","FRA","ipsum",0.148007895564639,0.0562925973609431,0.267107657434882,0.195866100930306,0.33272574870923
"EA_58946_","ESP","lorem",0.0855926226312412,0.296448832313651,0.183671688811961,0.266798218728736,0.167488637514411
"EA_116991_","ESP","ipsum",0.133911243581658,0.078059195135959,0.178941969534696,0.321086099513039,0.288001492234649
"EA_194011_","DEU","ipsum",0.0325608618873248,0.200877343146183,0.206979862253593,0.220673797874292,0.338908134838607
"EA_75831_","GBR","lorem",0.139688992148801,0.252767471750671,0.368300153266401,0.0416795427508297,0.197563840083298
"EA_31347_","ITA","ipsum",0.102544068568722,0.119107805900548,0.179031266540792,0.273893202808008,0.32542365618193
"EA_110305_","FRA","dolor",0.0973497319751106,0.105937957063726,0.28341336695567,0.1827434176803,0.330555526325193
"EA_35550_","FRA","lorem",0.00999789157678082,0.142832684249877,0.250387115295816,0.111544401396317,0.485237907481209
"EA_115903_","GBR","dolor",0.168050507851392,0.348171684284587,0.174458867114422,0.0609629291146029,0.248356011634996
"EA_128110_","FRA","ipsum",0.0370918000776996,0.0995781391067263,0.308092060679318,0.109859453560811,0.445378546575445
"EA_89268_","FRA","lorem",0.0710398048472459,0.0828756511502201,0.222611326014928,0.274234162328422,0.349239055659183
"EA_6194_","NLD","lorem",0.0758497594145386,0.0387277794030262,0.272118576153637,0.219114971386258,0.39418891364254
"EA_132673_","DEU","dolor",0.0385225633122284,0.241410694278076,0.456546034716221,0.199349070202795,0.0641716374906794
"EA_15183_","FRA","ipsum",0.0264928701329889,0.0754491202913653,0.272976416724275,0.570317512558354,0.0547640802930172
"EA_19619_","FRA","dolor",0.0597752393021449,0.187022232229391,0.091374888064214,0.272750744057422,0.389076896346828
"EA_23616_","ITA","ipsum",0.127065068853801,0.209695541569531,0.0889563510029753,0.317393578872296,0.256889459701396
"EA_197286_","GBR","dolor",0.0169733307450881,0.135035247110132,0.174357770824976,0.130870085060004,0.5427635662598
"EA_67386_","ESP","dolor",0.131670792866209,0.112813854731892,0.146974777628284,0.383684776762395,0.224855798011219
"EA_37527_","DEU","ipsum",0.0236481363307755,0.0160374281644391,0.110081385042077,0.842856242140075,0.00737680832263311
"EA_195584_","ESP","lorem",0.189240263241634,0.228107725781359,0.508642925044972,0.00246837576008953,0.071540710171946
"EA_18880_","ITA","dolor",0.0811463548644026,0.347756001165625,0.0740834266020723,0.145667942456939,0.351346274910961
"EA_74495_","DEU","ipsum",0.0498135642827194,0.176995076807149,0.121797337269797,0.302836097789692,0.348557923850643
"EA_7770_","FRA","dolor",0.172144035535882,0.371009955415135,0.179933947704635,0.0445721574850977,0.232339903859251
"EA_82896_","GBR","ipsum",0.0334767807324591,0.029621793335738,0.373254137012213,0.36511158423892,0.19853570468067
"EA_48506_","ESP","ipsum",0.0177766327152838,0.259699975172643,0.148524235430231,0.388471360182384,0.185527796499458
"EA_177749_","FRA","dolor",0.0736518611577843,0.105858194677553,0.270167017675833,0.271164823386059,0.27915810310277
"EA_157460_","FRA","ipsum",0.116628682565903,0.205610958004044,0.055567155786123,0.553444341325729,0.0687488623182015
"EA_82749_","DEU","dolor",0.0834547922526385,0.138646493450599,0.229245456441005,0.484054578347315,0.0645986795084419
"EA_123080_","NLD","ipsum",0.0780845571968933,0.169288406938212,0.194777097070008,0.263400953186117,0.29444898560877
"EA_64259_","FRA","lorem",0.100933684374945,0.0874067623210043,0.366016765609064,0.075843382407198,0.369799405287789
"EA_106118_","ESP","ipsum",0.0350752496701903,0.0753521552495887,0.213100518790294,0.339121133191026,0.337350943098902
"EA_26848_","ITA","dolor",0.160165017281399,0.166069563516407,0.445985268813168,0.0431912572693956,0.184588893119631
"EA_45802_","GBR","ipsum",0.0677578033992127,0.0956272329920195,0.318515852645533,0.2604820815173,0.257617029445936
"EA_73839_","ESP","lorem",0.0651963724924169,0.072779801515944,0.243158035287819,0.132844506580306,0.486021284123514
"EA_177153_","DEU","ipsum",0.0597273402924767,0.0726885194990627,0.210445352815241,0.37298114596476,0.28415764142846
"EA_159800_","ITA","ipsum",0.0492689944648025,0.42623908359026,0.343816008685296,0.104662097694013,0.076013815565628
"EA_170162_","ESP","dolor",0.0824511423430359,0.329717607793627,0.22138273071676,0.0940512043549544,0.272397314791623
"EA_138143_","ITA","ipsum",0.0395954349081741,0.00450366311276643,0.230617124095565,0.218052239186889,0.507231538696605
"EA_189108_","FRA","ipsum",0.105302383617481,0.325191799460358,0.0882066088750134,0.0569303362814928,0.424368871765655
"EA_102184_","FRA","lorem",0.10223287512608,0.0832212328928186,0.283768450143147,0.329653926916443,0.201123514921512
"EA_62914_","FRA","dolor",0.193175922667841,0.159559588305176,0.162854660967359,0.0676925880426002,0.416717240017024
"EA_131849_","ESP","dolor",0.126252450816861,0.0751332180404007,0.0851868641760093,0.226270095497384,0.487157371469345
"EA_165874_","GBR","lorem",0.058668161491205,0.140991552914294,0.293267116665707,0.0745060201556162,0.432567148773178
"EA_122592_","FRA","lorem",0.0337207822607757,0.0559750893168085,0.184584058679815,0.529253274279721,0.19646679546288
"EA_157474_","GBR","dolor",0.00939812301876913,0.21845894334174,0.0364228532830956,0.306917666204761,0.428802414151634
"EA_96223_","ESP","lorem",0.0417015629708281,0.0559858177253897,0.328004596168241,0.355019406901276,0.219288616234266
"EA_151857_","DEU","dolor",0.0645250726125747,0.0208046607440687,0.0343527399285227,0.418339781777483,0.461977744937351
"EA_196889_","ESP","lorem",0.0774145960095965,0.0811657701133997,0.0830758940035956,0.392716806554844,0.365626933318564
"EA_111668_","FRA","lorem",0.0687570279917303,0.174911665053246,0.30112734299893,0.383827110508386,0.0713768534477078
"EA_112886_","GBR","ipsum",0.0247434522263725,0.0880235213515826,0.0494442894148226,0.400215548825999,0.437573188181223
"EA_58330_","FRA","ipsum",0.243930138081649,0.275009444123782,0.143597109255705,0.241297670575548,0.096165637963316
"EA_32583_","GBR","dolor",0.0953287650342189,0.126034255330556,0.300416419753825,0.349232044170587,0.128988515710813
"EA_82221_","DEU","ipsum",0.040569193425697,0.264373131159379,0.121626612786072,0.320534995703077,0.252896066925774
"EA_161739_","DEU","ipsum",0.1131700649518,0.0124800416135668,0.322794958576358,0.0205536635661319,0.531001271292144
"EA_31855_","NLD","lorem",0.126934777064051,0.250838334889758,0.454020374570138,0.0323672841482525,0.135839229327801
"EA_195137_","FRA","dolor",0.0755670803523941,0.118526540627268,0.073442145108201,0.460563030804022,0.271901203108116
"EA_111054_","ESP","lorem",0.152068164202669,0.0832025543679294,0.439347661937915,0.16649798845433,0.158883631037157
"EA_29396_","GBR","lorem",0.111903190872453,0.215350172424797,0.269361739939025,0.392360415040375,0.0110244817233502
"EA_192662_","DEU","dolor",0.0769077464764953,0.186937744082777,0.296555782233227,0.0424918473357923,0.397106879871708
"EA_194158_","ITA","dolor",0.0829281066392575,0.280958125447417,0.375146885242186,0.0646392426803787,0.19632763999076
"EA_189705_","GBR","dolor",0.0482664746056376,0.0483414371698386,0.227687396955943,0.451837314163263,0.223867377105318
"EA_47218_","FRA","dolor",0.114935991721194,0.0542361446654128,0.108450787451164,0.0969795611535559,0.625397515008673
"EA_43486_","GBR","dolor",0.111322756817433,0.23693262896283,0.165907191248144,0.01567765856722,0.470159764404373
"EA_149947_","DEU","lorem",0.0920687962585655,0.0666945701360684,0.00598766171619856,0.5484091768191,0.286839795070068
"EA_82557_","NLD","ipsum",0.113480914596466,0.0895830315179186,0.0760801002329276,0.176670808076574,0.544185145576114
"EA_131809_","ESP","dolor",0.0429018682643026,0.00397034552784465,0.206768742226322,0.363471954110622,0.382887089870909
"EA_169092_","ESP","lorem",0.0784907624704611,0.0360632162296146,0.299372987560694,0.156687244667612,0.429385789071619
"EA_57106_","FRA","ipsum",0.0850190712472751,0.129756117471729,0.274903022615527,0.233416048437853,0.276905740227616
"EA_79352_","DEU","dolor",0.0700527305774909,0.00163235544466097,0.241986495770952,0.283110558908844,0.403217859298052
"EA_52429_","GBR","lorem",0.060779916563019,0.0556039046786172,0.0595042481408958,0.356399737784174,0.467712192833294
"EA_121197_","FRA","ipsum",0.00090589819234661,0.176372797955837,0.113119320926969,0.252990516061454,0.456611466863394
"EA_179286_","FRA","ipsum",0.131153779386537,0.0736738018125761,0.107386809997305,0.0827778165215587,0.605007792282023
"EA_147508_","FRA","lorem",0.0602728887937499,0.146922223748978,0.293954015312166,0.248687658085962,0.250163214059144
"EA_106155_","ESP","dolor",0.0818820258877211,0.0267627814032968,0.00954831862060745,0.404643799765022,0.477163074323353
"EA_32074_","GBR","lorem",0.0179945850005657,0.127773979854508,0.0950258238626116,0.159250128763392,0.599955482518923
"EA_97248_","ESP","ipsum",4.25491269407905e-05,0.150575746508394,0.159027130787709,0.341903922467619,0.348450651109337
"EA_12948_","ITA","lorem",0.0161917091549382,0.161504898831666,0.0591245821493325,0.0530413861645385,0.710137423699525
"EA_175832_","ESP","lorem",0.025362762499925,0.161857338446141,0.074983047981218,0.392086794185757,0.345710056886959
"EA_171084_","DEU","lorem",0.133727181225159,0.000371576471575794,0.0682077163289424,0.422235804247353,0.37545772172697
"EA_149558_","FRA","dolor",0.0726290371765466,0.215559799986767,0.138406041824567,0.568116700823154,0.00528842018896506
"EA_114020_","FRA","ipsum",0.0385675871411637,0.139616414761547,0.372540555430154,0.319412588317823,0.129862854349312
"EA_179386_","GBR","dolor",0.129584831559113,0.24938791345184,0.206054927914974,0.194831770697767,0.220140556376306
"EA_27165_","ITA","ipsum",0.173072198245607,0.15427371492517,0.158325223149395,0.446249818973891,0.0680790447059374
"EA_46858_","DEU","dolor",0.00802170712791785,0.188218942657503,0.280685358811513,0.206727897414417,0.316346093988649
"EA_32702_","ITA","lorem",0.0946781667021177,0.166176682255945,0.0521610704213894,0.303506509104828,0.383477571515719
"EA_129946_","ESP","dolor",0.041639619394444,0.0577357498729416,0.0541658150148377,0.494603253579093,0.351855562138684
"EA_138448_","NLD","dolor",0.12876274021636,0.151813340633037,0.417148125648909,0.0748543407145955,0.227421452787098
"EA_125604_","ITA","dolor",0.00286529185419946,0.230646758626037,0.115867910076165,0.492874023553639,0.157746015889959
"EA_74773_","FRA","dolor",0.0115785803722685,0.236872981238654,0.169300753091878,0.466137962228954,0.116109723068245
"EA_114808_","ESP","dolor",0.0135895822719611,0.165181661224205,0.187737580048429,0.284333586709435,0.349157589745969
"EA_180415_","ESP","lorem",0.0821199432869784,0.0679114657989806,0.143279773365519,0.314253863202523,0.392434954345998
"EA_191046_","FRA","lorem",0.0291809657761666,0.055144512519352,0.317496079467057,0.213371970326761,0.384806471910664
"EA_44706_","NLD","lorem",0.105218005464679,0.0843152014229447,0.242908476427554,0.0157175933794183,0.551840723305403
"EA_3422_","DEU","lorem",0.046165346471556,0.0703041247678213,0.173059660282981,0.174383130574231,0.536087737903411
"EA_89633_","GBR","lorem",0.158108027365527,0.488517877522743,0.304928429948705,0.043682067642073,0.00476359752095188
"EA_73496_","ESP","lorem",0.0806218077475531,0.138306935515846,0.306971459016131,0.348440024620788,0.125659773099681
"EA_199027_","DEU","lorem",0.0260268086844094,0.0963181735097445,0.288731945293529,0.356119029064797,0.23280404344752
"EA_21293_","FRA","dolor",0.0572880075586933,0.071115319399185,0.22850975929449,0.315364028545091,0.327722885202541
"EA_126960_","FRA","ipsum",0.103047356546102,0.0661741066194561,0.286478013701379,0.389414175984257,0.154886347148806
"EA_28864_","ESP","lorem",0.110512458008152,0.0133272636984535,0.0884715222800264,0.345440246522761,0.442248509490607
"EA_190409_","ESP","lorem",0.0161353102148532,0.0361663023782084,0.120685415721612,0.587929070238167,0.23908390144716
"EA_51407_","DEU","lorem",0.107857473893592,0.203272221841293,0.278951072690179,0.216047173767849,0.193872057807087
"EA_40801_","FRA","lorem",0.00287771740372989,0.142397023708758,0.124447859686872,0.353524274376736,0.376753124823904
"EA_11873_","NLD","dolor",0.0908063767382711,0.241199395782769,0.298586461267862,0.172019188272128,0.19738857793897
"EA_127596_","FRA","ipsum",0.0540511167788575,0.154416343975433,0.0893245556116442,0.232933668231934,0.469274315402131
"EA_103242_","NLD","ipsum",0.0542702156688743,0.00961755433916107,0.35575696272933,0.458162424725358,0.122192842537276
"EA_122535_","FRA","lorem",0.102792911878633,0.188275951184871,0.306253533445863,0.232473429296346,0.170204174194287
"EA_8335_","GBR","lorem",0.0562583781057132,0.183852662411855,0.225910488185545,0.146868058884252,0.387110412412634
"EA_95444_","FRA","lorem",0.111259577708362,0.185806962170775,0.0153888012066148,0.018525580618026,0.669019078296222
"EA_149055_","DEU","lorem",0.108468157510193,0.202525681420839,0.297519551174484,0.386049611330424,0.00543699856406068
"EA_90866_","ESP","dolor",0.0191881786091846,0.204155975247001,0.165247649592109,0.427120212775026,0.18428798377668
"EA_118895_","FRA","ipsum",0.112534613531722,0.0624731108123617,0.519325028910432,0.0275399010274118,0.278127345718073
"EA_170353_","NLD","dolor",0.0967906263199421,0.0149924957217643,0.121665236684865,0.474581746491698,0.291969894781731
